{
  "IsEncrypted": false,
  "Values": {
    "AzureWebJobsStorage": "UseDevelopmentStorage=true",
    "FUNCTIONS_WORKER_RUNTIME": "dotnet",
    "AzureWebJobsServiceBus": "Endpoint=sb://eauction-asb.servicebus.windows.net/;SharedAccessKeyName=RootManageSharedAccessKey;SharedAccessKey=fkzr7Ug6+g61OJSOxBslQB8VkETZ0lGkyFFi9CDN2Qs=",
    "CosmosDbConnectionString": "AccountEndpoint=https://builderautoqfnwmtptfle.documents.azure.com:443/;AccountKey=D5SzCqF8gub4dY6sigyMCft22kfSrR8tZLgN9C8Z2zrAtGM4FRkRRE3iRzNNs7CSFwugrPnQrxagZPW3E7ElUw==;"
  }
}